dataset,column,dtype,missing_count,row_count
train,PassengerId,int64,0,891
train,Survived,int64,0,891
train,Pclass,int64,0,891
train,Name,str,0,891
train,Sex,str,0,891
train,Age,float64,177,891
train,SibSp,int64,0,891
train,Parch,int64,0,891
train,Ticket,str,0,891
train,Fare,float64,0,891
train,Cabin,str,687,891
train,Embarked,str,2,891
test,PassengerId,int64,0,418
test,Pclass,int64,0,418
test,Name,str,0,418
test,Sex,str,0,418
test,Age,float64,86,418
test,SibSp,int64,0,418
test,Parch,int64,0,418
test,Ticket,str,0,418
test,Fare,float64,1,418
test,Cabin,str,327,418
test,Embarked,str,0,418
gender_submission,PassengerId,int64,0,418
gender_submission,Survived,int64,0,418
